customerID;MonthlyCharges;tenure;CustomerValue;Churn
7590-VHVEG;29.85;1;29.85;No
5575-GNVDE;56.95;34;1936.30;No
3668-QPYBK;53.85;2;107.70;Yes
7795-CFOCW;42.30;45;1903.50;No
9237-HQITU;70.70;2;141.40;Yes
9305-CDSKC;99.65;8;797.20;Yes
1452-KIOVK;89.10;22;1960.20;No
6713-OKOMC;29.75;10;297.50;No
7892-POOKP;104.80;28;2934.40;Yes
6388-TABGU;56.15;62;3481.30;No
9763-GRSKD;49.95;13;649.35;No
7469-LKBCI;18.95;16;303.20;No
8091-TTVAX;100.35;58;5820.30;No
0280-XJGEX;103.70;49;5081.30;Yes
5129-JLPIS;105.50;25;2637.50;No
3655-SNQYZ;113.25;69;7814.25;No
8191-XWSZG;20.65;52;1073.80;No
9959-WOFKT;106.70;71;7575.70;No
4190-MFLUW;55.20;10;552.00;Yes
4183-MYFRB;90.05;21;1891.05;No
8779-QRDMV;39.65;1;39.65;Yes
1680-VDCWW;19.80;12;237.60;No
1066-JKSGK;20.15;1;20.15;Yes
3638-WEABW;59.90;58;3474.20;No
6322-HRPFA;59.60;49;2920.40;No
6865-JZNKO;55.30;30;1659.00;No
6467-CHFZW;99.35;47;4669.45;Yes
8665-UTDHZ;30.20;1;30.20;Yes
5248-YGIJN;90.25;72;6498.00;No
8773-HHUOZ;64.70;17;1099.90;Yes
3841-NFECX;96.35;71;6840.85;No
4929-XIHVW;95.50;2;191.00;No
6827-IEAUQ;66.15;27;1786.05;No
7310-EGVHZ;20.20;1;20.20;No
3413-BMNZE;45.25;1;45.25;No
6234-RAAPL;99.90;72;7192.80;No
6047-YHPVI;69.70;5;348.50;Yes
6572-ADKRS;74.80;46;3440.80;No
5380-WJKOV;106.35;34;3615.90;Yes
8168-UQWWF;97.85;11;1076.35;Yes
8865-TNMNX;49.55;10;495.50;No
9489-DEDVP;69.20;70;4844.00;No
9867-JCZSP;20.75;17;352.75;No
4671-VJLCL;79.85;63;5030.55;No
4080-IIARD;76.20;13;990.60;No
3714-NTNFO;84.50;49;4140.50;No
5948-UJZLF;49.25;2;98.50;No
7760-OYPDY;80.65;2;161.30;Yes
7639-LIAYI;79.75;52;4147.00;No
2954-PIBKO;64.15;69;4426.35;No
8012-SOUDQ;90.25;43;3880.75;No
9420-LOJKX;99.10;15;1486.50;Yes
6575-SUVOI;69.50;25;1737.50;No
7495-OOKFY;80.65;8;645.20;Yes
4667-QONEA;74.85;60;4491.00;No
1658-BYGOY;95.45;18;1718.10;Yes
8769-KKTPH;99.65;63;6277.95;No
5067-XJQFU;108.45;66;7157.70;No
3957-SQXML;24.95;34;848.30;No
5954-BDFSG;107.50;72;7740.00;No
0434-CSFON;100.50;47;4723.50;No
1215-FIGMP;89.90;60;5394.00;No
0526-SXDJP;42.10;72;3031.20;No
0557-ASKVU;54.40;18;979.20;No
5698-BQJOH;94.40;9;849.60;Yes
5122-CYFXA;75.30;3;225.90;No
8627-ZYGSZ;78.90;47;3708.30;No
3410-YOQBQ;79.20;31;2455.20;No
3170-NMYVV;20.15;50;1007.50;No
7410-OIEDU;79.85;10;798.50;No
2273-QCKXA;49.05;1;49.05;No
0731-EBJQB;20.40;52;1060.80;No
1891-QRQSA;111.60;64;7142.40;No
8028-PNXHQ;24.25;62;1503.50;No
5630-AHZIL;64.50;3;193.50;No
2673-CXQEU;110.50;56;6188.00;No
6416-JNVRK;55.65;46;2559.90;No
5590-ZSKRV;54.65;8;437.20;No
0191-ZHSKZ;74.75;30;2242.50;No
3887-PBQAO;25.90;45;1165.50;No
5919-TMRGD;79.35;1;79.35;Yes
8108-UXRQN;50.55;11;556.05;No
9191-MYQKX;75.15;7;526.05;Yes
9919-YLNNG;103.80;42;4359.60;No
0318-ZOPWS;20.15;49;987.35;No
4445-ZJNMU;99.30;9;893.70;No
4808-YNLEU;62.15;35;2175.25;No
1862-QRWPE;20.65;48;991.20;No
2796-NNUFI;19.95;46;917.70;No
3016-KSVCP;33.75;29;978.75;No
4767-HZZHQ;82.05;30;2461.50;No
2424-WVHPL;74.70;1;74.70;No
7233-PAHHL;84.00;66;5544.00;No
6067-NGCEU;111.05;65;7218.25;No
9848-JQJTX;100.90;72;7264.80;No
8637-XJIVR;78.95;12;947.40;Yes
9803-FTJCG;66.85;71;4746.35;No
0278-YXOOG;21.май;5;105.25;Yes
3212-KXOCR;21.00;52;1092.00;No
4598-XLKNJ;98.50;25;2462.50;Yes
6380-ARCEH;20.20;1;20.20;No
3679-XASPY;19.45;1;19.45;No
7123-WQUHX;95.00;38;3610.00;No
5386-THSLQ;45.55;66;3006.30;No
3192-NQECA;110.00;68;7480.00;Yes
6180-YBIQI;24.30;5;121.50;No
6728-DKUCO;104.15;72;7498.80;No
9750-BOOHV;30.15;32;964.80;No
8597-CWYHH;94.35;43;4057.05;No
2848-YXSMW;19.40;72;1396.80;No
0486-HECZI;96.75;55;5321.25;Yes
4549-ZDQYY;57.95;52;3013.40;No
5712-AHQNN;91.65;43;3940.95;No
4846-WHAFZ;76.50;37;2830.50;Yes
5256-SKJGO;54.60;64;3494.40;No
3071-VBYPO;89.85;3;269.55;No
9560-BBZXK;31.май;36;1117.80;No
5299-RULOA;100.25;10;1002.50;Yes
8402-OOOHJ;20.65;41;846.65;No
9445-ZUEQE;85.20;27;2300.40;No
1091-SOZGA;99.80;56;5588.80;No
2928-HLDBA;20.70;6;124.20;No
0404-SWRVG;74.40;3;223.20;Yes
6497-TILVL;50.70;7;354.90;No
7219-TLZHO;20.85;4;83.40;No
4622-YNKIJ;88.95;33;2935.35;No
4412-YLTKF;78.05;27;2107.35;Yes
6734-PSBAW;23.55;72;1695.60;No
3930-ZGWVE;19.75;1;19.75;No
2639-UGMAZ;56.45;71;4007.95;No
2876-GZYZC;85.95;13;1117.35;No
6207-WIOLX;58.60;25;1465.00;Yes
8587-XYZSF;50.55;67;3386.85;No
3091-FYHKI;35.45;1;35.45;Yes
2372-HWUHI;44.35;2;88.70;Yes
7799-LGRDP;25.70;43;1105.10;No
7850-VWJUU;75.00;23;1725.00;No
3774-VBNXY;20.20;64;1292.80;No
6217-KDYWC;19.60;57;1117.20;No
0390-DCFDQ;70.45;1;70.45;Yes
3146-MSEGF;88.05;72;6339.60;No
4080-OGPJL;71.15;8;569.20;Yes
1095-WGNGG;101.05;61;6164.05;No
2636-SJDOU;84.30;64;5395.20;No
1131-QQZEB;23.95;71;1700.45;No
5716-EZXZN;99.05;65;6438.25;No
6837-BJYDQ;19.60;3;58.80;No
2135-RXIHG;45.65;1;45.65;Yes
6440-DKQGE;64.50;30;1935.00;No
3466-BYAVD;69.50;15;1042.50;No
3780-YVMFA;68.55;8;548.40;No
3874-EQOEP;95.00;7;665.00;Yes
1679-JRFBR;108.15;70;7570.50;No
9073-ZZIAY;86.10;62;5338.20;No
3077-RSNTJ;19.70;6;118.20;No
6551-GNYDG;80.90;14;1132.60;No
9167-APMXZ;84.15;22;1851.30;No
2749-CTKAJ;20.15;22;443.30;No
6371-NZYEG;64.25;16;1028.00;No
7554-NEWDD;25.70;10;257.00;No
8992-VONJD;56.00;13;728.00;No
0867-MKZVY;82.40;20;1648.00;Yes
4482-EWFMI;69.70;2;139.40;No
4648-YPBTM;73.90;53;3916.70;No
2907-ILJBN;20.60;11;226.60;No
6345-FZOQH;19.90;69;1373.10;No
3376-BMGFE;70.90;4;283.60;Yes
5997-OPVFA;89.05;72;6411.60;No
3445-HXXGF;45.30;58;2627.40;Yes
1159-WFSGR;20.40;16;326.40;No
7654-YWJUF;84.25;43;3622.75;No
1875-QIVME;104.40;2;208.80;Yes
6727-IOTLZ;81.95;14;1147.30;No
0691-JVSYA;94.85;53;5027.05;Yes
5918-VUKWP;20.55;32;657.60;No
1744-JHKYS;24.70;34;839.80;No
2656-FMOKZ;74.45;15;1116.75;Yes
2070-FNEXE;76.45;7;535.15;Yes
5947-SGKCL;105.35;15;1580.25;No
3712-PKXZA;20.55;61;1253.55;No
6317-YPKDH;29.95;1;29.95;Yes
6582-OIVSP;45.30;1;45.30;No
9367-WXLCH;84.50;8;676.00;Yes
5524-KHNJP;74.75;33;2466.75;No
1918-ZBFQJ;79.25;13;1030.25;Yes
1024-GUALD;24.80;1;24.80;Yes
4827-USJHP;51.80;20;1036.00;No
8167-GJLRN;30.40;3;91.20;No
0956-SYCWG;19.65;13;255.45;No
8017-UVSZU;56.60;40;2264.00;No
7100-FQPRV;71.90;43;3091.70;No
2472-OVKUP;91.00;6;546.00;Yes
2984-RGEYA;19.75;69;1362.75;No
9680-NIAUV;109.70;72;7898.40;No
2146-EGVDT;19.30;59;1138.70;No
2604-IJPDU;96.55;20;1931.00;No
9178-JHUVJ;24.окт;24;578.40;No
6168-YBYNP;111.35;59;6569.65;No
7255-SSFBC;112.25;72;8082.00;No
3645-DEYGF;20.75;1;20.75;No
9323-HGFWY;101.90;27;2751.30;No
8544-GOQSH;80.05;14;1120.70;No
3363-DTIVD;105.55;71;7494.05;No
7018-WBJNK;78.30;13;1017.90;No
9142-KZXOP;68.85;44;3029.40;No
7674-YTAFD;79.95;33;2638.35;No
6348-SNFUS;55.45;72;3992.40;No
1285-OKIPP;79.90;1;79.90;Yes
7825-ECJRF;106.60;19;2025.40;Yes
1347-KTTTA;102.45;64;6556.80;No
7841-TZDMQ;46.00;2;92.00;Yes
4195-NZGTA;25.25;1;25.25;No
7157-SMCFK;19.75;61;1204.75;No
4709-LKHYG;20.00;29;580.00;No
2504-DSHIH;86.80;23;1996.40;No
0699-NDKJM;58.75;57;3348.75;No
9286-BHDQG;45.25;72;3258.00;No
0230-WEQUW;56.60;66;3735.60;No
2040-LDIWQ;84.20;65;5473.00;No
6496-JDSSB;80.00;8;640.00;No
9408-SSNVZ;70.15;4;280.60;Yes
4443-EMBNA;24.75;71;1757.25;No
6469-MRVET;20.20;1;20.20;No
0742-MOABM;50.05;4;200.20;Yes
5961-VUSRV;19.35;12;232.20;No
6778-JFCMK;50.60;24;1214.40;No
6341-JVQGF;81.15;31;2515.65;No
2232-DMLXU;55.20;1;55.20;Yes
4811-JBUVU;89.90;30;2697.00;No
0945-TSONX;85.30;47;4009.10;No
2651-ZCBXV;108.00;54;5832.00;No
3316-UWXUY;93.50;50;4675.00;No
8937-RDTHP;84.60;1;84.60;Yes
7083-MIOPC;20.25;72;1458.00;No
1984-GPTEH;25.15;29;729.35;No
1251-KRREG;54.40;2;108.80;Yes
0621-JFHOL;29.60;10;296.00;No
9903-LYSAB;73.15;18;1316.70;No
0094-OIFMO;95.00;11;1045.00;Yes
9227-UAQFT;19.75;16;316.00;No
7301-ABVAD;86.60;72;6235.20;No
6614-FHDBO;109.20;72;7862.40;No
7576-ASEJU;74.70;41;3062.70;No
9058-HRZSV;94.40;65;6136.00;No
4522-AKYLR;54.80;13;712.40;No
0221-WMXNQ;75.35;4;301.40;No
0303-UNCIP;65.00;41;2665.00;No
9947-OTFQU;74.40;15;1116.00;Yes
0322-YINQP;48.55;1;48.55;Yes
0959-WHOKV;99.00;42;4158.00;No
4075-JFPGR;93.50;51;4768.50;No
4629-NRXKX;70.40;2;140.80;Yes
9514-JDSKI;40.20;1;40.20;Yes
3282-ZISZV;83.70;32;2678.40;No
3675-YDUPJ;19.85;10;198.50;No
4111-BNXIF;59.55;67;3989.85;No
7017-VFHAY;115.10;61;7021.10;No
6655-LHBYW;114.35;50;5717.50;No
4959-JOSRX;44.60;2;89.20;Yes
5046-NUHWD;45.00;29;1305.00;No
7273-TEFQD;41.15;3;123.45;Yes
3606-TWKGI;106.90;13;1389.70;Yes
7529-ZDFXI;89.85;57;5121.45;No
7605-BDWDC;49.85;31;1545.35;No
1950-KSVVJ;113.30;45;5098.50;No
0123-CRBRT;88.10;61;5374.10;No
6292-TOSSS;24.90;50;1245.00;No
3197-ARFOY;105.00;19;1995.00;No
6323-AYBRX;19.35;59;1141.65;Yes
7014-ZZXAW;24.25;71;1721.75;No
4385-GZQXV;94.45;16;1511.20;Yes
7633-MVPUY;59.75;57;3405.75;No
6366-ZGQGL;24.80;1;24.80;Yes
4716-HHKQH;107.05;20;2141.00;No
5940-AHUHD;70.60;1;70.60;Yes
6432-TWQLB;85.40;5;427.00;Yes
4484-GLZOU;105.05;52;5462.60;Yes
3179-GBRWV;64.95;21;1363.95;No
8645-KWHJO;55.00;14;770.00;No
4130-MZLCC;50.55;5;252.75;No
0314-TKOSI;55.15;6;330.90;No
8229-MYEJZ;51.20;10;512.00;No
2080-SRCDE;25.40;1;25.40;No
9577-WJVCQ;54.45;68;3702.60;No
9512-UIBFX;95.15;18;1712.70;Yes
6202-DYYFX;76.00;22;1672.00;No
3808-HFKDE;44.35;20;887.00;No
5583-SXDAG;70.00;1;70.00;Yes
3488-PGMQJ;74.50;8;596.00;Yes
3580-REOAC;44.85;10;448.50;Yes
7534-BFESC;76.10;24;1826.40;Yes
3727-OWVYD;61.20;35;2142.00;No
2294-SALNE;86.80;23;1996.40;No
4847-TAJYI;89.35;6;536.10;No
1563-IWQEX;19.70;12;236.40;No
8203-XJZRC;20.25;1;20.25;No
6556-DBKZF;76.05;71;5399.55;No
6851-WEFYX;100.80;35;3528.00;No
2985-JUUBZ;74.55;40;2982.00;No
6390-DSAZX;73.60;1;73.60;Yes
0895-LMRSF;64.90;23;1492.70;No
8098-LLAZX;95.45;4;381.80;Yes
8266-VBFQL;90.40;4;361.60;No
8181-YHCMF;60.30;68;4100.40;No
2240-HSJQD;81.85;38;3110.30;No
1248-DYXUB;24.80;52;1289.60;No
0265-EDXBD;74.90;32;2396.80;Yes
4115-BNPJY;75.55;29;2190.95;No
3167-SNQPL;101.15;38;3843.70;No
4091-TVOCN;78.75;48;3780.00;No
1098-TDVUQ;19.25;1;19.25;No
7277-OZCGZ;89.05;22;1959.10;No
1557-EMYVT;115.05;43;4947.15;No
2799-ARNLO;69.35;5;346.75;No
7563-BIUPC;80.60;5;403.00;Yes
5027-YOCXN;110.05;51;5612.55;No
3973-SKMLN;19.90;71;1412.90;No
2321-OMBXY;80.30;38;3051.40;Yes
2840-XANRC;93.15;24;2235.60;Yes
6745-JEFZB;91.50;35;3202.50;No
5020-ZSTTY;82.45;54;4452.30;Yes
9880-TDQAC;60.00;72;4320.00;No
8705-WZCYL;44.80;1;44.80;No
7102-JJVTX;48.60;9;437.40;No
8626-PTQGE;60.05;69;4143.45;No
4983-CLMLV;102.70;52;5340.40;No
5701-YVSVF;82.90;11;911.90;No
5804-LEPIM;70.35;2;140.70;Yes
5697-GOMBF;35.90;28;1005.20;No
2739-CACDQ;82.65;17;1405.05;No
9385-EHGDO;19.85;35;694.75;No
9498-FIMXL;19.20;8;153.60;No
2379-GYFLQ;94.90;46;4365.40;No
0122-OAHPZ;73.85;7;516.95;Yes
2868-SNELZ;80.60;2;161.20;Yes
4322-RCYMT;75.80;68;5154.40;Yes
6680-NENYN;104.60;43;4497.80;Yes
2088-IEBAU;88.15;68;5994.20;No
7982-VCELR;94.80;36;3412.80;No
1343-EHPYB;103.40;63;6514.20;Yes
6035-BXTTY;54.65;32;1748.80;No
6885-PKOAM;85.75;71;6088.25;No
7520-HQWJU;67.45;66;4451.70;No
9639-BUJXT;20.50;63;1291.50;No
5924-SNGKP;20.25;41;830.25;No
0021-IKXGC;72.10;1;72.10;No
2034-GDRCN;90.40;2;180.80;Yes
8966-SNIZF;19.45;70;1361.50;No
6243-OZGFH;44.95;23;1033.85;No
4654-DLAMQ;97.00;64;6208.00;No
0513-RBGPE;62.80;37;2323.60;No
5160-UXJED;44.60;17;758.20;No
4115-NZRKS;89.15;7;624.05;No
0219-YTZUE;84.80;4;339.20;Yes
0623-IIHUG;41.90;21;879.90;Yes
4572-DVCGN;80.25;10;802.50;Yes
3351-NGXYI;54.10;16;865.60;No
8984-EYLLL;105.25;64;6736.00;No
9057-MSWCO;30.75;27;830.25;Yes
9833-TGFHX;97.10;42;4078.20;No
9294-TDIPC;20.20;5;101.00;No
5229-DTFYB;98.80;41;4050.80;No
0104-PPXDV;50.30;58;2917.40;No
5176-LMJXE;20.55;47;965.85;No
3583-KRKMD;75.90;18;1366.20;No
1010-DIAUQ;96.50;5;482.50;Yes
9069-LGEUL;59.95;23;1378.85;No
7302-ZHMHP;19.15;1;19.15;No
9571-EDEBV;98.65;71;7004.15;No
3520-FJGCV;112.60;72;8107.20;No
6563-VRERX;20.60;33;679.80;No
0259-GBZSH;85.65;2;171.30;Yes
6122-EFVKN;35.75;24;858.00;No
2805-EDJPQ;99.75;56;5586.00;No
6862-CQUMB;96.10;37;3555.70;No
7156-MXBJE;85.10;43;3659.30;No
6158-HDPXZ;25.35;1;25.35;No
9601-BRXPO;104.95;25;2623.75;Yes
2863-IMQDR;89.65;61;5468.65;No
5686-CMAWK;86.75;17;1474.75;No
5651-CRHKQ;86.20;41;3534.20;No
6905-NIQIN;50.65;1;50.65;Yes
8204-YJCLA;64.80;72;4665.60;No
5167-ZFFMM;90.85;1;90.85;Yes
6583-SZVGP;108.10;48;5188.80;No
4895-TMWIR;19.95;11;219.45;Yes
0533-BNWKF;85.45;55;4699.75;Yes
1708-PBBOA;54.75;42;2299.50;No
8782-LKFPK;90.40;44;3977.60;No
5522-JBWMO;44.00;1;44.00;No
3597-MVHJT;95.60;27;2581.20;No
9774-NRNAU;84.80;27;2289.60;No
0224-RLWWD;44.30;2;88.60;No
9967-ATRFS;19.90;19;378.10;No
3951-NJCVI;95.05;42;3992.10;No
2977-CEBSX;90.05;66;5943.30;No
0177-PXBAT;109.90;33;3626.70;No
6599-CEBNN;73.95;34;2514.30;Yes
2519-ERQOJ;54.60;33;1801.80;No
5876-QMYLD;20.май;23;461.15;No
2277-AXSDC;19.75;32;632.00;No
9442-JTWDL;20.май;11;220.55;No
0979-PHULV;99.45;69;6862.05;Yes
3067-SVMTC;55.90;68;3801.20;No
5495-GPSRW;19.70;20;394.00;No
7606-BPHHN;19.80;72;1425.60;No
4742-DRORA;95.40;60;5724.00;No
0111-KLBQG;93.95;32;3006.40;No
4800-VHZKI;19.90;1;19.90;Yes
7989-CHGTL;19.60;1;19.60;Yes
0334-GDDSO;81.35;3;244.05;Yes
4163-NCJAK;24.45;46;1124.70;No
5233-AOZUF;74.95;29;2173.55;No
5973-EJGDP;87.35;51;4454.85;No
1996-DBMUS;70.65;48;3391.20;No
7916-VCCPB;73.25;16;1172.00;No
4686-GEFRM;98.70;70;6909.00;No
5249-QYHEX;24.80;40;992.00;No
0578-SKVMF;83.30;22;1832.60;Yes
5564-NEMQO;75.30;1;75.30;Yes
2233-FAGXV;24.30;5;121.50;No
5605-IYGFG;69.85;7;488.95;No
7663-ZTEGJ;100.55;29;2915.95;No
3935-TBRZZ;25.70;44;1130.80;No
8111-BKVDS;40.70;10;407.00;No
2055-SIFSS;51.65;55;2840.75;No
2806-MLNTI;105.10;52;5465.20;No
8734-DKSTZ;85.95;10;859.50;No
4360-PNRQB;75.60;18;1360.80;No
6152-ONASV;58.25;68;3961.00;No
9063-ZGTUY;19.40;61;1183.40;Yes
7781-HVGMK;65.20;72;4694.40;No
2181-UAESM;53.45;2;106.90;No
2957-LOLHO;45.40;12;544.80;Yes
6048-NJXHX;19.75;41;809.75;No
2320-SLKMB;44.45;26;1155.70;No
4980-URKXC;20.85;36;750.60;No
4376-KFVRS;114.05;72;8211.60;No
5886-VLQVU;89.85;35;3144.75;No
3577-AMVUX;55.05;1;55.05;No
0771-WLCLA;112.95;16;1807.20;No
5628-RKIFK;101.55;49;4975.95;No
0206-TBWLC;114.65;54;6191.10;No
2937-FTHUR;64.80;18;1166.40;No
1910-FMXJM;80.40;36;2894.40;No
7752-XUSCI;105.90;60;6354.00;Yes
4110-PFEUZ;69.55;1;69.55;Yes
0732-OCQOC;25.май;52;1302.60;No
5168-MSWXT;94.75;8;758.00;No
1090-ESELR;105.50;72;7596.00;No
8592-PLTMQ;24.70;64;1580.80;No
5760-WRAHC;69.75;22;1534.50;No
8847-GEOOQ;60.20;60;3612.00;No
0256-LTHVJ;81.05;28;2269.40;Yes
4785-FCIFB;24.40;61;1488.40;No
8313-NDOIA;104.15;24;2499.60;No
5149-CUZUJ;92.90;28;2601.20;No
0942-KOWSM;80.80;30;2424.00;No
4237-CLSMM;20.00;2;40.00;No
1452-VOQCH;75.10;1;75.10;No
4719-UMSIY;19.65;6;117.90;No
6614-VBEGU;69.45;24;1666.80;No
0880-TKATG;101.15;4;404.60;Yes
3811-VBYBZ;99.80;7;698.60;Yes
1480-BKXGA;116.05;72;8355.60;No
2996-XAUVF;40.05;70;2803.50;No
9076-AXYIK;102.10;64;6534.40;No
5968-XQIVE;89.70;72;6458.40;No
8896-RAZCR;19.90;44;875.60;No
4640-UHDOS;55.95;13;727.35;Yes
4933-IKULF;20.65;17;351.05;No
3583-EKAPL;55.00;1;55.00;Yes
1304-BCCFO;70.05;9;630.45;No
4104-PVRPS;53.60;24;1286.40;No
9399-APLBT;74.70;1;74.70;Yes
2359-KMGLI;80.25;24;1926.00;Yes
3780-DDGSE;76.05;35;2661.75;No
4431-EDMIQ;75.70;7;529.90;No
0306-JAELE;96.10;5;480.50;Yes
6227-HWPWX;69.00;15;1035.00;Yes
0486-LGCCH;19.65;11;216.15;No
0447-BEMNG;45.30;48;2174.40;Yes
4612-SSVHJ;81.45;20;1629.00;No
5168-MQQCA;108.50;72;7812.00;No
5949-XIKAE;83.55;8;668.40;Yes
7971-HLVXI;84.50;72;6084.00;No
9094-AZPHK;100.15;15;1502.25;No
3649-JPUGY;88.60;72;6379.20;No
4472-LVYGI;52.55;0;0.00;No
8372-JUXUI;74.35;1;74.35;Yes
3552-CTCYF;104.80;63;6602.40;No
6778-YSNIH;59.00;2;118.00;No
0388-EOPEX;74.40;2;148.80;Yes
5756-OZRIO;64.05;61;3907.05;No
6579-JPICP;20.40;1;20.40;No
8205-OTCHB;43.75;22;962.50;Yes
4134-BSXLX;60.90;28;1705.20;No
0505-SPOOW;19.80;70;1386.00;No
6235-VDHOM;28.45;5;142.25;Yes
7783-YKGDV;99.70;12;1196.40;Yes
4374-YMUSQ;116.25;34;3952.50;No
4513-CXYIX;80.70;71;5729.70;No
3957-HHLMR;65.20;70;4564.00;No
7803-XOCCZ;84.05;52;4370.60;No
5736-YEJAX;79.45;69;5482.05;No
5609-CEBID;94.10;20;1882.00;Yes
8981-FJGLA;78.00;11;858.00;No
7218-HKQFK;94.20;2;188.40;Yes
4636-QRJKY;80.50;6;483.00;Yes
1135-LMECX;19.85;1;19.85;No
4332-MUOEZ;94.30;20;1886.00;No
8535-SFUTN;106.45;61;6493.45;No
5956-VKDTT;74.35;5;371.75;Yes
8677-HDZEE;105.45;56;5905.20;No
2475-MROZF;95.00;30;2850.00;No
9412-GHEEC;104.80;40;4192.00;Yes
3482-ABPKK;54.30;28;1520.40;No
6705-LXORM;70.05;5;350.25;No
0257-ZESQC;75.20;27;2030.40;Yes
7531-GQHME;20.май;12;240.60;No
5174-ITUMV;105.40;67;7061.80;No
4109-CYRBD;51.60;29;1496.40;No
0913-XWSCN;85.50;55;4702.50;No
6825-UYPFK;75.60;23;1738.80;Yes
8397-MVTAZ;100.05;34;3401.70;Yes
0750-EBAIU;91.25;52;4745.00;No
8606-CIQUL;115.75;72;8334.00;No
3571-DPYUH;94.70;58;5492.60;No
7601-GNDYK;19.60;35;686.00;No
0356-OBMAC;99.90;56;5594.40;No
8067-NIOYM;21.окт;24;506.40;No
1403-GYAFU;20.май;70;1403.50;No
4234-XTNEA;79.95;2;159.90;No
1297-VQDRP;107.15;68;7286.20;No
9282-IZGQK;85.00;1;85.00;Yes
5348-CAGXB;89.55;12;1074.60;No
0621-HJWXJ;81.55;63;5137.65;No
5844-QVTAT;58.45;33;1928.85;No
8905-IAZPF;95.65;69;6599.85;No
5394-MEITZ;80.60;60;4836.00;No
6859-QNXIQ;113.10;72;8143.20;No
2782-LFZVW;58.95;11;648.45;No
2866-IKBTM;19.55;1;19.55;No
1342-JPNKI;86.05;10;860.50;Yes
2817-NTQDO;45.55;13;592.15;Yes
7129-AZJDE;78.95;34;2684.30;No
6986-IJDHX;86.30;39;3365.70;Yes
2560-PPCHE;105.05;65;6828.25;No
4676-MQUEA;101.90;50;5095.00;No
8138-EALND;19.75;15;296.25;No
3580-HYCSP;110.30;72;7941.60;No
1352-HNSAW;115.60;72;8323.20;No
2075-PUEPR;19.35;55;1064.25;No
1982-FEBTD;25.60;23;588.80;No
5301-GAUUY;80.35;32;2571.20;Yes
5791-KAJFD;68.75;56;3850.00;No
2654-VBVPB;19.90;1;19.90;No
1154-HYWWO;70.60;38;2682.80;No
2501-XWWTZ;70.20;11;772.20;No
3716-UVSPD;49.30;1;49.30;No
6815-ABQFQ;107.25;56;6006.00;No
7343-EOBEU;23.60;3;70.80;No
3701-SFMUH;69.70;7;487.90;No
6103-LIANB;99.50;59;5870.50;No
7319-VENRZ;64.30;7;450.10;No
5846-NEQVZ;70.85;71;5030.35;No
6967-QIQRV;101.90;15;1528.50;No
5781-RFZRP;73.50;71;5218.50;No
0939-YAPAF;100.25;35;3508.75;Yes
0308-IVGOK;40.40;11;444.40;No
7293-LSCDV;19.25;60;1155.00;No
7025-WCBNE;59.60;47;2801.20;No
5756-JYOJT;64.90;11;713.90;No
4710-FDUIZ;100.30;56;5616.80;Yes
6030-REHUX;110.85;28;3103.80;No
9548-LIGTA;81.05;61;4944.05;No
5150-LJNSR;98.05;31;3039.55;No
8270-RKSAP;70.50;9;634.50;No
6522-YRBXD;94.55;35;3309.25;No
2640-LYMOV;19.65;2;39.30;No
1218-VKFPE;19.00;12;228.00;Yes
3627-FHKBK;75.30;1;75.30;Yes
2865-TCHJW;89.20;4;356.80;Yes
1423-BMPBQ;19.00;1;19.00;No
2393-DIVAI;20.00;3;60.00;No
5192-EBGOV;85.70;1;85.70;Yes
4568-KNYWR;63.25;52;3289.00;No
8752-IMQOS;20.окт;5;100.50;No
0742-LAFQK;99.15;72;7138.80;No
0795-LAFGP;90.40;71;6418.40;No
0619-OLYUR;111.90;72;8056.80;No
5512-IDZEI;24.90;46;1145.40;No
0459-SPZHJ;83.50;63;5260.50;No
0215-BQKGS;84.30;30;2529.00;No
9244-ZVAPM;45.60;1;45.60;No
0719-SYFRB;61.65;12;739.80;Yes
8208-EUMTE;54.85;16;877.60;No
5172-MIGPM;65.55;4;262.20;No
1710-RCXUS;90.35;51;4607.85;No
0374-FIUCA;20.40;65;1326.00;No
5839-SUYVZ;74.55;16;1192.80;No
5173-ZXXXL;19.95;2;39.90;No
1096-ADRUX;74.25;66;4900.50;No
2001-MCUUW;108.65;46;4997.90;No
2731-GJRDG;109.55;32;3505.60;No
4723-BEGSG;86.65;72;6238.80;No
6516-NKQBO;81.00;38;3078.00;No
8672-OAUPW;47.85;51;2440.35;No
8207-DMRVL;114.55;72;8247.60;No
3419-SNJJD;105.25;65;6841.25;Yes
6543-CPZMK;29.95;9;269.55;Yes
4765-OXPPD;65.00;9;585.00;Yes
2804-ETQDK;20.55;66;1356.30;No
6689-VRRTK;109.80;44;4831.20;No
7138-GIRSH;69.50;50;3475.00;No
9396-ZSFLL;48.85;15;732.75;No
6464-KEXXH;25.25;8;202.00;No
7134-MJPDY;102.85;66;6788.10;No
5240-CAOYT;87.55;57;4990.35;No
4059-IIEBK;78.55;7;549.85;No
4881-JVQOD;34.55;10;345.50;No
0516-UXRMT;92.05;62;5707.10;No
4851-BQDNX;85.05;40;3402.00;No
5148-HKFIR;19.70;20;394.00;No
1009-IRMNA;20.00;7;140.00;Yes
3003-CMDUU;95.15;25;2378.75;No
5016-IBERQ;84.25;23;1937.75;No
6797-UCJHZ;104.60;66;6903.60;No
2469-DTSGX;111.65;72;8038.80;No
4554-YGZIH;90.05;49;4412.45;Yes
5099-BAILX;110.75;43;4762.25;Yes
9931-KGHOA;55.00;46;2530.00;No
1775-KWJKQ;89.85;72;6469.20;No
7665-VIGUD;20.35;10;203.50;No
9411-TPQQV;54.55;40;2182.00;No
7207-RMRDB;105.50;65;6857.50;Yes
7954-MLBUN;99.45;31;3082.95;No
2077-DDHJK;70.90;68;4821.20;No
4913-EHYUI;104.55;56;5854.80;Yes
0195-IESCP;85.25;10;852.50;Yes
9574-BOSMD;25.40;68;1727.20;No
4580-TMHJU;56.15;43;2414.45;Yes
0970-ETWGE;89.55;1;89.55;Yes
4908-XAXAY;89.85;49;4402.65;No
8404-VLQFB;25.25;15;378.75;No
1626-ERCMM;94.55;20;1891.00;Yes
0887-HJGAR;45.70;1;45.70;Yes
2391-IPLOP;69.65;50;3482.50;No
5644-PDMZC;89.50;2;179.00;Yes
3509-GWQGF;70.00;24;1680.00;No
9576-ANLXO;69.55;3;208.65;Yes
2024-BASKD;74.60;1;74.60;Yes
5845-BZZIB;20.окт;35;703.50;No
1140-UKVZG;24.80;17;421.60;No
4160-AMJTL;19.65;8;157.20;Yes
5183-SNMJQ;95.10;10;951.00;No
8100-PNJMH;88.85;68;6041.80;No
7838-LAZFO;78.80;45;3546.00;No
4464-JCOLN;19.85;2;39.70;Yes
2085-JVGAD;20.35;37;752.95;No
5650-VDUDS;24.25;4;97.00;Yes
8095-WANWK;45.25;10;452.50;No
3030-ZKIWL;20.май;1;20.май;No
9565-FLVCG;69.55;65;4520.75;No
8755-OGKNA;19.50;57;1111.50;No
2800-VEQXM;74.75;3;224.25;No
7538-GWHML;69.65;2;139.30;Yes
5533-RJFTJ;30.20;49;1479.80;No
3859-CVCET;45.65;4;182.60;Yes
0214-JHPFW;57.80;70;4046.00;No
5642-MHDQT;19.85;53;1052.05;No
3088-FVYWK;25.55;53;1354.15;No
3276-HDUEG;75.05;1;75.05;Yes
9092-GDZKO;24.85;22;546.70;No
0823-HSCDJ;49.15;52;2555.80;Yes
3729-OWRVL;110.35;65;7172.75;No
2324-AALNO;24.55;48;1178.40;No
0822-GAVAP;34.70;2;69.40;Yes
5760-IFJOZ;107.95;3;323.85;No
2826-UWHIS;81.40;45;3663.00;No
1448-PWKYE;80.00;1;80.00;Yes
7501-IWUNG;73.80;61;4501.80;No
4957-TREIR;64.40;3;193.20;No
7251-LJBQN;103.75;40;4150.00;No
8040-MNRTF;71.10;1;71.10;No
1536-HBSWP;49.90;1;49.90;No
5313-FPXWG;24.60;51;1254.60;No
0067-DKWBL;49.25;2;98.50;Yes
0946-FKYTX;30.окт;52;1565.20;No
5076-YVXCM;83.40;51;4253.40;No
8262-COGGB;20.45;1;20.45;No
6663-JOCQO;75.25;31;2332.75;No
9620-QJREV;20.55;47;965.85;No
2276-YDAVZ;75.10;3;225.30;Yes
2682-KEVRP;20.май;22;441.10;No
2480-JZOSN;20.65;1;20.65;No
0078-XZMHT;85.15;72;6130.80;No
5896-NPFWW;50.15;3;150.45;Yes
9978-HYCIN;84.95;47;3992.65;No
8338-QIUNR;66.50;72;4788.00;No
1525-LNLOJ;63.30;66;4177.80;No
9450-TRJUU;83.15;35;2910.25;No
1766-GKNMI;84.90;29;2462.10;No
6942-LBFDP;20.55;2;41.10;No
1456-TWCGB;49.25;4;197.00;No
7133-VBDCG;79.85;25;1996.25;Yes
7596-ZYWBB;59.60;65;3874.00;No
8329-UTMVM;104.65;27;2825.55;No
3014-WJKSM;75.30;29;2183.70;No
3347-YJZZE;80.10;29;2322.90;No
1029-QFBEN;19.55;1;19.55;Yes
7929-DMBCV;81.00;20;1620.00;No
9661-JALZV;24.70;58;1432.60;No
5433-KYGHE;86.00;14;1204.00;No
4312-KFRXN;25.40;72;1828.80;No
5575-TPIZQ;89.15;46;4100.90;No
0114-IGABW;58.25;71;4135.75;No
9944-AEXBM;85.65;32;2740.80;No
1853-ARAAQ;50.35;26;1309.10;No
6952-OMNWB;80.35;68;5463.80;No
4697-LUPSU;20.20;2;40.40;No
8434-VGEQQ;20.55;61;1253.55;No
4952-YSOGZ;85.95;4;343.80;Yes
1589-AGTLK;45.35;3;136.05;Yes
5244-IRFIH;94.50;33;3118.50;Yes
6549-YMFAW;21.25;9;191.25;No
4950-HKQTE;26.25;22;577.50;No
6786-OBWQR;80.85;5;404.25;No
2684-EIWEO;91.70;30;2751.00;Yes
2753-JMMCV;74.20;65;4823.00;No
6439-GTPCA;87.25;45;3926.25;Yes
6621-YOBKI;20.35;5;101.75;No
1216-JWVUX;75.50;25;1887.50;No
7564-GHCVB;79.05;72;5691.60;No
1173-NOEYG;90.15;27;2434.05;No
7595-EHCDL;50.60;32;1619.20;No
6647-ZEDXT;110.45;30;3313.50;No
2521-NPUZR;101.00;70;7070.00;No
1307-TVUFB;79.35;42;3332.70;No
7503-MIOGA;89.85;72;6469.20;No
4381-MHQDC;65.00;47;3055.00;No
6923-JHPMP;80.45;2;160.90;No
5138-WVKYJ;98.55;10;985.50;Yes
4018-PPNDW;24.окт;61;1470.10;No
1635-FJFCC;44.05;5;220.25;No
2499-AJYUA;110.80;72;7977.60;No
6919-ELBGL;114.95;72;8276.40;No
3966-HRMZA;75.05;3;225.15;No
6425-JWTDV;19.25;48;924.00;No
8405-IGQFX;90.05;63;5673.15;No
8224-IVVPA;56.70;27;1530.90;No
9477-LGWQI;80.15;70;5610.50;No
1410-RSCMR;71.35;7;499.45;No
3115-CZMZD;20.25;0;0.00;No
0139-IVFJG;90.35;2;180.70;No
6683-VLCTZ;98.55;20;1971.00;Yes
5730-DBDSI;19.70;66;1300.20;No
0030-FNXPP;19.85;3;59.55;No
2189-WWOEW;85.90;15;1288.50;Yes
5684-FJVYR;90.35;72;6505.20;No
4013-GUXND;20.80;1;20.80;No
1894-IGFSG;89.25;22;1963.50;Yes
7379-POKDZ;70.30;3;210.90;Yes
1266-NZYUI;66.85;72;4813.20;No
7969-FFOWG;19.90;65;1293.50;No
4718-DHSMV;35.80;11;393.80;No
5175-WLYXL;78.85;22;1734.70;No
7817-OMJNA;20.40;14;285.60;No
8728-SKJLR;74.25;41;3044.25;No
3137-NYQQI;64.80;17;1101.60;No
7706-DZNKK;20.45;11;224.95;No
0236-HFWSV;93.35;15;1400.25;Yes
3900-AQPHZ;19.90;1;19.90;Yes
5842-POCOP;88.90;5;444.50;Yes
2037-XJFUP;95.80;33;3161.40;Yes
8823-RLPWL;110.65;72;7966.80;No
9505-SQFSW;40.30;3;120.90;No
7314-OXENN;82.00;2;164.00;Yes
3758-CKOQL;107.00;59;6313.00;No
0322-CHQRU;45.35;2;90.70;Yes
5676-CFLYY;73.35;71;5207.85;No
7521-AFHAB;44.80;5;224.00;No
0285-INHLN;54.75;27;1478.25;No
4678-DVQEO;52.20;1;52.20;Yes
5125-CNDSP;40.60;63;2557.80;No
0691-IFBQW;110.00;46;5060.00;Yes
4992-LTJNE;55.30;72;3981.60;No
2202-OUTMO;60.85;34;2068.90;No
0810-BDHAW;78.40;24;1881.60;No
0229-LFJAF;69.65;72;5014.80;No
7131-ZQZNK;59.85;60;3591.00;No
3442-ZHHCC;76.90;68;5229.20;No
5726-CVNYA;19.85;8;158.80;No
9871-ELEYA;67.65;34;2300.10;No
4257-GAESD;45.00;6;270.00;No
5173-WXOQV;64.20;2;128.40;No
2040-OBMLJ;81.70;31;2532.70;No
6286-ZHAOK;25.55;20;511.00;No
3807-XHCJH;20.00;1;20.00;No
3009-JWMPU;96.75;62;5998.50;Yes
5671-RQRLP;75.65;70;5295.50;No
1450-GALXR;98.50;10;985.00;Yes
8859-AXJZP;23.80;39;928.20;No
3174-AKMAS;64.20;46;2953.20;No
3138-BKYAV;85.35;6;512.10;Yes
9926-PJHDQ;76.80;72;5529.60;No
7382-DFJTU;55.20;18;993.60;No
2798-NYLMZ;108.55;71;7707.05;No
4289-DTDKW;101.30;40;4052.00;Yes
1820-TQVEV;69.55;1;69.55;Yes
2239-JALAW;103.25;58;5988.50;Yes
4853-RULSV;104.00;70;7280.00;Yes
8098-TDCBU;25.25;42;1060.50;No
3551-GAEGL;30.40;34;1033.60;No
4785-NKHCX;20.май;5;100.25;No
3196-NVXLZ;84.60;25;2115.00;No
6275-YDUVO;86.20;2;172.40;Yes
0036-IHMOT;103.70;55;5703.50;No
0115-TFERT;111.20;21;2335.20;Yes
4178-EGMON;88.00;70;6160.00;No
4220-TINQT;106.35;61;6487.35;No
5318-YKDPV;79.15;43;3403.45;No
7975-TZMLR;103.10;47;4845.70;No
0295-QVKPB;63.95;5;319.75;No
4335-BSMJS;25.80;62;1599.60;No
2311-QYMUQ;89.45;16;1431.20;Yes
3643-AHCFP;95.60;7;669.20;Yes
9146-JRIOX;25.55;14;357.70;No
3104-OWCGK;90.95;60;5457.00;Yes
5337-IIWKZ;44.85;34;1524.90;No
9101-BWFSS;108.55;50;5427.50;Yes
9650-VBUOG;25.май;38;951.90;No
3487-EARAT;74.10;70;5187.00;No
2672-TGEFF;88.80;37;3285.60;No
9231-ZJYAM;78.85;4;315.40;Yes
4250-WAROZ;93.25;60;5595.00;No
8184-WMOFI;71.40;62;4426.80;No
6982-SSHFK;44.40;1;44.40;Yes
6092-QZVPP;79.20;36;2851.20;No
4625-LAMOB;20.40;44;897.60;No
0727-BMPLR;100.00;55;5500.00;Yes
0392-BZIUW;105.00;72;7560.00;No
1038-ZAGBI;19.80;12;237.60;Yes
6549-NNDYT;30.85;13;401.05;No
3027-ZTDHO;89.90;1;89.90;Yes
0422-OHQHQ;20.55;15;308.25;No
6916-HIJSE;84.85;65;5515.25;No
2316-ESMLS;33.15;12;397.80;No
9778-OGKQZ;92.00;72;6624.00;No
7408-OFWXJ;89.80;72;6465.60;No
6007-TCTST;115.80;72;8337.60;No
2252-NKNSI;85.15;52;4427.80;No
8713-IGZSO;24.85;2;49.70;No
7905-TVXTA;64.35;5;321.75;No
7695-PKLCZ;20.50;68;1394.00;No
2382-BCKQJ;100.15;62;6209.30;Yes
8374-UULRV;86.05;72;6195.60;No
2207-NHRJK;50.80;1;50.80;Yes
3224-DFQNQ;89.00;66;5874.00;No
5275-PMFUT;64.80;72;4665.60;No
4795-UXVCJ;19.80;26;514.80;No
9777-IQHWP;93.40;64;5977.60;No
0947-MUGVO;73.65;20;1473.00;Yes
9944-HKVVB;95.10;3;285.30;Yes
4124-MMETB;94.65;22;2082.30;Yes
3671-SHRSP;80.60;4;322.40;Yes
0979-MOZQI;39.00;62;2418.00;No
2732-ISEZX;20.50;5;102.50;No
3313-QKNKB;85.55;59;5047.45;Yes
0323-XWWTN;26.40;3;79.20;No
1937-OTUKY;98.20;72;7070.40;No
1573-LGXBA;97.55;57;5560.35;No
1764-VUUMT;19.95;66;1316.70;No
5073-WXOYN;50.80;60;3048.00;Yes
4713-ZBURT;99.70;45;4486.50;No
3050-GBUSH;34.80;3;104.40;No
0207-MDKNV;105.10;15;1576.50;Yes
7876-AEHIG;60.15;51;3067.65;No
7945-HLKEA;64.75;60;3885.00;No
9342-VNIMQ;54.65;33;1803.45;No
9851-KIELU;110.10;10;1101.00;Yes
3523-BRGUW;19.30;26;501.80;No
3908-BLSYF;83.90;6;503.40;Yes
3199-NPKCN;111.25;67;7453.75;No
5170-PTRKA;35.80;49;1754.20;No
4661-NJEUX;20.май;1;20.май;No
2123-AGEEN;84.35;7;590.45;No
1258-YMZNM;110.50;27;2983.50;No
0048-LUMLS;91.20;37;3374.40;No
7549-MYGPK;100.55;63;6334.65;Yes
5898-IGSLP;89.30;31;2768.30;No
3804-RVTGV;103.85;50;5192.50;Yes
6259-WJQLC;81.10;32;2595.20;No
9227-LUNBG;24.60;1;24.60;Yes
7997-EASSD;81.20;63;5115.60;No
0730-KOAVE;94.30;30;2829.00;No
8975-SKGRX;116.10;71;8243.10;No
0678-RLHVP;105.55;53;5594.15;No
4315-MURBD;98.90;12;1186.80;Yes
2267-FPIMA;94.40;50;4720.00;No
1051-GEJLJ;19.50;2;39.00;No
9734-YWGEX;98.30;9;884.70;Yes
2719-BDAQO;93.85;17;1595.45;Yes
5285-MVEHD;105.60;56;5913.60;No
0379-DJQHR;81.35;67;5450.45;No
0781-LKXBR;100.50;9;904.50;Yes
5543-QDCRY;56.40;4;225.60;No
0297-RBCSG;65.35;19;1241.65;No
4694-PHWFW;19.95;8;159.60;No
0835-JKADZ;111.25;71;7898.75;No
1907-UBQFC;72.85;10;728.50;Yes
7508-SMHXL;89.00;15;1335.00;No
3865-YIOTT;106.10;72;7639.20;No
5993-BQHEA;20.май;12;240.60;No
6024-RUGGH;25.20;72;1814.40;No
6513-EECDB;73.55;1;73.55;Yes
3956-CJUST;75.40;23;1734.20;No
4079-WWQQQ;65.55;72;4719.60;No
6103-BOCOU;80.70;26;2098.20;No
5149-TGWDZ;104.55;21;2195.55;No
7471-WNSUF;24.15;60;1449.00;No
8942-DBMHZ;20.45;12;245.40;No
4301-VVZKA;75.40;16;1206.40;No
9199-PWQVC;79.70;63;5021.10;No
4824-GUCBY;81.70;22;1797.40;No
5393-HJZSM;76.30;32;2441.60;No
7074-IEVOJ;79.40;3;238.20;Yes
9625-QSTYE;81.15;13;1054.95;Yes
0862-PRCBS;103.75;68;7055.00;No
8812-ZRHFP;86.45;30;2593.50;No
5146-CBVOE;75.10;16;1201.60;No
0454-OKRCT;80.60;33;2659.80;No
5787-KXGIY;19.30;72;1389.60;No
4750-ZRXIU;84.60;4;338.40;Yes
4198-VFOEA;33.60;12;403.20;No
6630-UJZMY;83.25;4;333.00;No
5709-LVOEQ;80.85;0;0.00;No
6400-BWQKW;79.05;6;474.30;Yes
2692-AQCPF;108.05;65;7023.25;No
0347-UBKUZ;19.90;15;298.50;No
0835-DUUIQ;21.май;24;505.20;No
0811-GSDTP;30.15;13;391.95;No
7567-ECMCM;79.85;24;1916.40;No
6115-ZTBFQ;65.50;72;4716.00;No
6353-BRMMA;104.10;54;5621.40;No
6680-WKXRZ;74.40;3;223.20;Yes
6231-WFGFH;20.50;4;82.00;No
9904-EHEVJ;91.35;32;2923.20;No
7028-DVOIQ;99.05;35;3466.75;Yes
6169-PPETC;20.50;35;717.50;No
4208-UFFGW;44.95;2;89.90;Yes
8584-KMVXD;75.60;8;604.80;No
8467-WYNSR;55.10;22;1212.20;No
0851-DFJKB;58.95;15;884.25;No
5382-SOYZL;95.10;22;2092.20;No
9448-REEVD;44.70;1;44.70;Yes
3261-CQXOL;25.45;71;1806.95;No
8388-FYNPZ;56.75;4;227.00;No
4002-BQWPQ;81.75;25;2043.75;No
5651-YLPRD;86.10;32;2755.20;No
2826-DXLQO;29.80;7;208.60;No
4378-BZYFP;20.50;17;348.50;No
9489-UTFKA;60.90;8;487.20;No
4849-PYRLQ;73.25;56;4102.00;No
9117-SHLZX;45.70;1;45.70;Yes
9889-TMAHG;100.30;8;802.40;Yes
4541-RMRLG;19.25;7;134.75;Yes
7764-BDPEE;20.85;3;62.55;No
3429-IFLEM;77.35;71;5491.85;No
3158-MOERK;96.00;2;192.00;Yes
7294-TMAOP;90.55;1;90.55;Yes
5002-GCQFH;93.85;49;4598.65;No
0556-FJEGU;70.10;58;4065.80;No
8919-FYFQZ;30.35;44;1335.40;Yes
0604-THJFP;75.95;59;4481.05;No
2834-JRTUA;108.05;71;7671.55;Yes
5875-YPQFJ;69.90;1;69.90;Yes
5879-SESNB;75.25;11;827.75;No
6646-QVXLR;103.75;62;6432.50;Yes
6461-PPAXN;54.95;35;1923.25;No
3318-ISQFQ;19.50;20;390.00;No
1106-HRLKZ;19.60;40;784.00;No
2483-XSSMZ;47.85;39;1866.15;No
8603-IJWDN;86.60;1;86.60;Yes
8165-ZJRNM;23.75;72;1710.00;No
9369-XFEHK;80.60;33;2659.80;Yes
2604-XVDAM;43.80;12;525.60;No
3717-OFRTN;19.75;1;19.75;No
9046-JBFWA;19.15;27;517.05;No
3280-NMUVX;19.60;34;666.40;No
1206-EHBDD;80.30;56;4496.80;No
8361-LBRDI;24.35;58;1412.30;No
4883-KCPZJ;25.25;22;555.50;No
9108-EQPNQ;26.окт;10;261.00;No
7277-KAMWT;20.00;13;260.00;No
3842-IYKUE;85.30;35;2985.50;Yes
6641-XRPSU;70.00;34;2380.00;Yes
1374-DMZUI;94.30;4;377.20;Yes
2545-LXYVJ;20.70;72;1490.40;No
3234-VKACU;70.30;2;140.60;No
